,Train,Predicted
11034,1.0,1.0
11035,1.0,0.0
11036,1.0,1.0
11037,0.0,0.0
11038,0.0,1.0
11039,1.0,0.0
11040,1.0,0.0
11041,1.0,1.0
11042,0.0,1.0
11043,1.0,0.0
11044,1.0,0.0
11045,0.0,0.0
11046,1.0,1.0
11047,1.0,1.0
11048,0.0,1.0
11049,1.0,1.0
11050,1.0,1.0
11051,0.0,1.0
11052,1.0,1.0
11053,1.0,1.0
11054,1.0,1.0
11055,1.0,0.0
11056,1.0,1.0
11057,1.0,1.0
11058,1.0,1.0
11059,1.0,1.0
11060,1.0,0.0
11061,1.0,1.0
11062,1.0,1.0
11063,1.0,1.0
11064,1.0,1.0
11065,1.0,1.0
11066,0.0,1.0
11067,1.0,1.0
11068,1.0,1.0
11069,1.0,1.0
11070,1.0,1.0
11071,0.0,1.0
11072,1.0,1.0
11073,1.0,1.0
11074,1.0,1.0
11075,1.0,1.0
11076,1.0,0.0
11077,1.0,1.0
11078,1.0,1.0
11079,0.0,1.0
11080,1.0,1.0
11081,1.0,0.0
11082,1.0,1.0
11083,1.0,1.0
11084,1.0,1.0
11085,1.0,1.0
11086,1.0,1.0
11087,1.0,1.0
11088,1.0,0.0
11089,1.0,1.0
11090,1.0,1.0
11091,1.0,1.0
11092,1.0,1.0
11093,1.0,1.0
11094,1.0,1.0
11095,1.0,0.0
11096,0.0,1.0
11097,1.0,0.0
11098,0.0,1.0
11099,0.0,1.0
11100,1.0,1.0
11101,1.0,1.0
11102,0.0,1.0
11103,1.0,1.0
11104,1.0,1.0
11105,0.0,1.0
11106,1.0,0.0
11107,1.0,0.0
11108,1.0,0.0
11109,0.0,1.0
11110,1.0,1.0
11111,1.0,1.0
11112,1.0,1.0
11113,1.0,1.0
11114,1.0,1.0
11115,1.0,1.0
11116,0.0,1.0
11117,1.0,0.0
11118,1.0,1.0
11119,1.0,1.0
11120,1.0,1.0
11121,0.0,1.0
11122,1.0,1.0
11123,0.0,1.0
11124,1.0,1.0
11125,1.0,1.0
11126,1.0,0.0
11127,1.0,1.0
11128,1.0,1.0
11129,1.0,1.0
11130,1.0,1.0
11131,1.0,1.0
11132,1.0,1.0
11133,1.0,1.0
11134,1.0,1.0
11135,1.0,1.0
11136,1.0,0.0
11137,1.0,1.0
11138,1.0,0.0
11139,1.0,1.0
11140,0.0,1.0
11141,1.0,1.0
11142,1.0,1.0
11143,1.0,1.0
11144,1.0,1.0
11145,1.0,1.0
11146,1.0,0.0
11147,1.0,1.0
11148,1.0,1.0
11149,1.0,1.0
11150,0.0,1.0
11151,1.0,1.0
11152,1.0,1.0
11153,1.0,1.0
11154,1.0,0.0
11155,1.0,1.0
11156,1.0,1.0
11157,1.0,1.0
11158,1.0,1.0
11159,1.0,1.0
11160,1.0,1.0
11161,1.0,1.0
11162,0.0,1.0
11163,1.0,1.0
11164,1.0,1.0
11165,1.0,0.0
11166,1.0,1.0
11167,1.0,0.0
11168,1.0,1.0
11169,1.0,1.0
11170,1.0,1.0
11171,0.0,1.0
11172,0.0,0.0
11173,1.0,1.0
11174,1.0,0.0
11175,1.0,1.0
11176,1.0,1.0
11177,1.0,1.0
11178,1.0,1.0
11179,1.0,1.0
11180,0.0,1.0
11181,1.0,1.0
11182,1.0,1.0
11183,0.0,0.0
11184,0.0,1.0
11185,0.0,1.0
11186,1.0,1.0
11187,1.0,1.0
11188,1.0,1.0
11189,1.0,1.0
11190,1.0,0.0
11191,1.0,0.0
11192,1.0,1.0
11193,1.0,0.0
11194,0.0,1.0
11195,1.0,0.0
11196,1.0,1.0
11197,1.0,1.0
11198,1.0,0.0
11199,0.0,1.0
11200,1.0,1.0
11201,1.0,1.0
11202,1.0,0.0
11203,1.0,1.0
11204,0.0,1.0
11205,1.0,1.0
11206,0.0,1.0
11207,1.0,1.0
11208,1.0,1.0
11209,0.0,0.0
11210,1.0,1.0
11211,0.0,1.0
11212,1.0,0.0
11213,1.0,1.0
11214,1.0,1.0
11215,1.0,1.0
11216,0.0,1.0
11217,1.0,1.0
11218,1.0,1.0
11219,1.0,1.0
11220,1.0,1.0
11221,1.0,1.0
11222,1.0,0.0
11223,1.0,1.0
11224,1.0,0.0
11225,1.0,1.0
11226,1.0,1.0
11227,0.0,1.0
11228,1.0,1.0
11229,0.0,1.0
11230,1.0,1.0
11231,1.0,1.0
11232,0.0,1.0
11233,0.0,0.0
11234,1.0,1.0
11235,1.0,0.0
11236,1.0,1.0
11237,1.0,1.0
11238,0.0,1.0
11239,0.0,1.0
11240,1.0,1.0
11241,0.0,1.0
11242,1.0,1.0
11243,1.0,1.0
11244,1.0,1.0
11245,1.0,0.0
11246,1.0,1.0
11247,1.0,0.0
11248,1.0,0.0
11249,1.0,1.0
11250,1.0,1.0
11251,1.0,1.0
11252,1.0,1.0
11253,1.0,0.0
11254,1.0,0.0
11255,1.0,0.0
11256,1.0,1.0
11257,1.0,0.0
11258,1.0,0.0
11259,1.0,1.0
11260,1.0,1.0
11261,1.0,1.0
11262,1.0,0.0
11263,1.0,1.0
11264,0.0,1.0
11265,1.0,1.0
11266,1.0,1.0
11267,0.0,0.0
11268,0.0,1.0
11269,1.0,1.0
11270,0.0,0.0
11271,0.0,0.0
11272,1.0,0.0
11273,0.0,0.0
11274,1.0,1.0
11275,1.0,0.0
11276,1.0,1.0
11277,1.0,0.0
11278,1.0,0.0
11279,1.0,1.0
11280,1.0,1.0
11281,1.0,0.0
11282,1.0,1.0
11283,1.0,0.0
11284,1.0,0.0
11285,0.0,1.0
11286,1.0,0.0
11287,1.0,0.0
11288,1.0,1.0
11289,0.0,1.0
11290,0.0,1.0
11291,1.0,0.0
11292,1.0,1.0
11293,1.0,1.0
11294,1.0,1.0
11295,0.0,1.0
11296,1.0,1.0
11297,1.0,1.0
11298,1.0,1.0
11299,0.0,1.0
11300,1.0,0.0
11301,1.0,1.0
11302,1.0,1.0
11303,1.0,1.0
11304,1.0,0.0
11305,0.0,1.0
11306,1.0,1.0
11307,1.0,1.0
11308,1.0,1.0
11309,1.0,1.0
11310,0.0,0.0
11311,0.0,1.0
11312,1.0,1.0
11313,1.0,1.0
11314,0.0,0.0
11315,1.0,1.0
11316,1.0,1.0
11317,1.0,1.0
11318,1.0,1.0
11319,0.0,1.0
11320,1.0,1.0
11321,1.0,1.0
11322,0.0,1.0
11323,0.0,0.0
11324,1.0,0.0
11325,1.0,1.0
11326,1.0,1.0
11327,1.0,1.0
11328,1.0,0.0
11329,1.0,1.0
11330,1.0,1.0
11331,0.0,1.0
11332,1.0,1.0
11333,0.0,1.0
11334,1.0,1.0
11335,1.0,0.0
11336,0.0,1.0
11337,1.0,1.0
11338,1.0,1.0
11339,1.0,1.0
11340,1.0,1.0
11341,1.0,1.0
11342,1.0,1.0
11343,1.0,1.0
11344,1.0,1.0
11345,1.0,1.0
11346,0.0,1.0
11347,1.0,1.0
11348,1.0,1.0
11349,1.0,1.0
11350,0.0,1.0
11351,1.0,1.0
11352,1.0,0.0
11353,1.0,1.0
11354,1.0,1.0
11355,0.0,1.0
11356,0.0,0.0
11357,0.0,1.0
11358,0.0,0.0
11359,1.0,1.0
11360,0.0,0.0
11361,1.0,0.0
11362,0.0,1.0
11363,1.0,1.0
11364,1.0,1.0
11365,0.0,0.0
11366,1.0,0.0
11367,1.0,1.0
11368,1.0,1.0
11369,1.0,1.0
11370,1.0,1.0
11371,0.0,1.0
11372,1.0,1.0
11373,1.0,1.0
11374,1.0,1.0
11375,1.0,1.0
11376,1.0,0.0
11377,1.0,1.0
11378,1.0,1.0
11379,1.0,1.0
11380,1.0,1.0
11381,1.0,0.0
11382,1.0,1.0
11383,1.0,1.0
11384,1.0,1.0
11385,1.0,1.0
11386,1.0,1.0
11387,0.0,1.0
11388,1.0,1.0
11389,1.0,1.0
11390,1.0,1.0
11391,0.0,0.0
11392,1.0,0.0
11393,1.0,1.0
11394,1.0,1.0
11395,0.0,1.0
11396,1.0,1.0
11397,1.0,1.0
11398,0.0,1.0
11399,0.0,0.0
11400,1.0,1.0
11401,0.0,1.0
11402,0.0,1.0
11403,1.0,1.0
11404,1.0,1.0
11405,0.0,1.0
11406,1.0,1.0
11407,1.0,0.0
11408,1.0,0.0
11409,1.0,0.0
11410,0.0,1.0
11411,1.0,1.0
11412,1.0,1.0
11413,1.0,0.0
11414,1.0,1.0
11415,0.0,1.0
11416,0.0,1.0
11417,1.0,0.0
11418,0.0,1.0
11419,1.0,1.0
11420,0.0,1.0
11421,1.0,0.0
11422,0.0,1.0
11423,1.0,1.0
11424,0.0,1.0
11425,0.0,1.0
11426,1.0,1.0
11427,1.0,0.0
11428,1.0,1.0
11429,1.0,1.0
11430,1.0,1.0
11431,1.0,1.0
11432,1.0,0.0
11433,0.0,0.0
11434,1.0,1.0
11435,1.0,0.0
11436,1.0,1.0
11437,1.0,1.0
11438,0.0,1.0
11439,1.0,1.0
11440,1.0,1.0
11441,1.0,0.0
11442,1.0,1.0
11443,1.0,0.0
11444,0.0,1.0
11445,1.0,1.0
11446,1.0,1.0
11447,0.0,1.0
11448,1.0,1.0
11449,1.0,1.0
11450,1.0,1.0
11451,1.0,1.0
11452,0.0,1.0
11453,1.0,1.0
11454,0.0,1.0
11455,1.0,1.0
11456,1.0,1.0
11457,1.0,1.0
11458,1.0,1.0
11459,1.0,1.0
11460,0.0,1.0
11461,0.0,1.0
11462,1.0,1.0
11463,1.0,1.0
11464,1.0,1.0
11465,1.0,1.0
11466,1.0,1.0
11467,1.0,1.0
11468,1.0,1.0
11469,1.0,1.0
11470,1.0,1.0
11471,0.0,1.0
11472,1.0,1.0
11473,1.0,1.0
11474,0.0,1.0
11475,0.0,1.0
11476,0.0,0.0
11477,1.0,1.0
11478,1.0,1.0
11479,1.0,1.0
11480,1.0,1.0
11481,1.0,1.0
11482,1.0,0.0
11483,1.0,1.0
11484,1.0,0.0
11485,1.0,0.0
11486,1.0,1.0
11487,1.0,1.0
11488,1.0,1.0
11489,1.0,1.0
11490,1.0,1.0
11491,1.0,1.0
11492,1.0,1.0
11493,0.0,0.0
11494,1.0,0.0
11495,1.0,1.0
11496,1.0,1.0
11497,1.0,1.0
11498,1.0,1.0
11499,1.0,0.0
11500,1.0,1.0
11501,1.0,0.0
11502,0.0,1.0
11503,1.0,1.0
11504,1.0,1.0
11505,1.0,1.0
11506,1.0,1.0
11507,1.0,1.0
11508,1.0,1.0
11509,0.0,1.0
11510,1.0,1.0
11511,1.0,0.0
11512,1.0,1.0
11513,1.0,1.0
11514,1.0,1.0
11515,0.0,1.0
11516,0.0,1.0
11517,1.0,1.0
11518,1.0,1.0
11519,1.0,1.0
11520,1.0,0.0
11521,1.0,0.0
11522,1.0,1.0
11523,1.0,1.0
11524,1.0,1.0
11525,1.0,1.0
11526,1.0,1.0
11527,1.0,1.0
11528,1.0,1.0
11529,1.0,1.0
11530,1.0,1.0
11531,1.0,1.0
11532,1.0,1.0
11533,0.0,1.0
11534,0.0,1.0
11535,0.0,1.0
11536,1.0,1.0
11537,1.0,1.0
11538,0.0,0.0
11539,1.0,0.0
11540,0.0,1.0
11541,0.0,1.0
11542,1.0,1.0
11543,1.0,1.0
11544,1.0,1.0
11545,1.0,1.0
11546,1.0,1.0
11547,1.0,1.0
11548,0.0,1.0
11549,1.0,0.0
11550,1.0,0.0
11551,1.0,1.0
11552,0.0,1.0
11553,1.0,1.0
11554,1.0,0.0
11555,1.0,1.0
11556,1.0,1.0
11557,0.0,1.0
11558,1.0,1.0
11559,1.0,1.0
11560,0.0,1.0
11561,1.0,0.0
11562,1.0,1.0
11563,1.0,1.0
11564,1.0,1.0
11565,1.0,0.0
11566,0.0,1.0
11567,1.0,1.0
11568,1.0,1.0
11569,1.0,1.0
11570,0.0,1.0
11571,0.0,0.0
11572,1.0,1.0
11573,1.0,1.0
11574,1.0,1.0
11575,1.0,1.0
11576,1.0,1.0
11577,0.0,1.0
11578,0.0,1.0
11579,1.0,1.0
11580,1.0,1.0
11581,1.0,1.0
11582,1.0,1.0
11583,1.0,1.0
11584,1.0,1.0
11585,1.0,1.0
11586,0.0,0.0
11587,0.0,1.0
11588,1.0,1.0
11589,1.0,1.0
11590,1.0,1.0
11591,1.0,1.0
11592,1.0,1.0
11593,0.0,1.0
11594,1.0,1.0
11595,1.0,1.0
11596,1.0,1.0
11597,0.0,1.0
11598,1.0,1.0
11599,1.0,1.0
11600,0.0,1.0
11601,0.0,0.0
11602,1.0,1.0
11603,0.0,1.0
11604,0.0,1.0
11605,1.0,0.0
11606,1.0,0.0
11607,1.0,1.0
11608,1.0,1.0
11609,1.0,1.0
11610,1.0,1.0
11611,1.0,1.0
11612,1.0,1.0
11613,1.0,1.0
11614,1.0,1.0
11615,1.0,1.0
11616,0.0,1.0
11617,1.0,1.0
11618,0.0,0.0
11619,1.0,1.0
11620,1.0,1.0
11621,1.0,1.0
11622,1.0,1.0
11623,1.0,0.0
11624,1.0,1.0
11625,1.0,0.0
11626,0.0,1.0
11627,1.0,1.0
11628,1.0,1.0
11629,1.0,1.0
11630,1.0,1.0
11631,1.0,1.0
11632,1.0,0.0
11633,1.0,0.0
11634,1.0,1.0
11635,0.0,1.0
11636,1.0,1.0
11637,1.0,1.0
11638,1.0,1.0
11639,1.0,1.0
11640,1.0,1.0
11641,1.0,1.0
11642,1.0,0.0
11643,0.0,1.0
11644,1.0,1.0
11645,1.0,0.0
11646,1.0,1.0
11647,1.0,1.0
11648,1.0,0.0
11649,1.0,0.0
11650,1.0,1.0
11651,1.0,1.0
11652,1.0,1.0
11653,1.0,1.0
11654,1.0,1.0
11655,0.0,1.0
11656,1.0,1.0
11657,0.0,1.0
11658,0.0,1.0
11659,0.0,0.0
11660,1.0,1.0
11661,1.0,1.0
11662,0.0,1.0
11663,1.0,1.0
11664,1.0,1.0
11665,1.0,1.0
11666,0.0,1.0
11667,1.0,1.0
11668,0.0,1.0
11669,1.0,1.0
11670,1.0,1.0
11671,1.0,1.0
11672,0.0,0.0
11673,1.0,0.0
11674,1.0,1.0
11675,1.0,0.0
11676,1.0,1.0
11677,1.0,1.0
11678,0.0,1.0
11679,1.0,1.0
11680,1.0,1.0
11681,1.0,0.0
11682,1.0,1.0
11683,1.0,0.0
11684,1.0,1.0
11685,1.0,1.0
11686,0.0,0.0
11687,1.0,1.0
11688,0.0,1.0
11689,0.0,1.0
11690,0.0,1.0
11691,1.0,1.0
11692,1.0,1.0
11693,1.0,0.0
11694,0.0,1.0
11695,0.0,1.0
11696,1.0,1.0
11697,0.0,0.0
11698,1.0,1.0
11699,1.0,1.0
11700,1.0,1.0
11701,1.0,1.0
11702,1.0,1.0
11703,1.0,0.0
11704,1.0,0.0
11705,1.0,0.0
11706,0.0,1.0
11707,0.0,1.0
11708,1.0,1.0
11709,0.0,0.0
11710,0.0,0.0
11711,1.0,1.0
11712,1.0,0.0
11713,0.0,0.0
11714,1.0,1.0
11715,0.0,1.0
11716,1.0,0.0
11717,1.0,1.0
11718,1.0,1.0
11719,1.0,1.0
11720,1.0,0.0
11721,1.0,1.0
11722,1.0,0.0
11723,1.0,1.0
11724,1.0,1.0
11725,1.0,0.0
11726,1.0,1.0
11727,0.0,1.0
11728,1.0,1.0
11729,1.0,1.0
11730,1.0,1.0
11731,1.0,1.0
11732,1.0,1.0
11733,1.0,1.0
11734,0.0,0.0
11735,1.0,0.0
11736,1.0,1.0
11737,0.0,1.0
11738,1.0,1.0
11739,1.0,1.0
11740,0.0,0.0
11741,1.0,1.0
11742,0.0,1.0
11743,1.0,1.0
11744,1.0,1.0
11745,0.0,1.0
11746,1.0,1.0
11747,0.0,1.0
11748,1.0,1.0
11749,0.0,1.0
11750,1.0,1.0
11751,1.0,1.0
11752,1.0,1.0
11753,1.0,1.0
11754,1.0,1.0
11755,1.0,1.0
11756,1.0,1.0
11757,0.0,1.0
11758,1.0,0.0
11759,1.0,1.0
11760,1.0,1.0
11761,1.0,0.0
11762,1.0,1.0
11763,1.0,1.0
11764,1.0,1.0
11765,1.0,1.0
11766,1.0,1.0
11767,1.0,1.0
11768,1.0,1.0
11769,0.0,1.0
11770,1.0,1.0
11771,1.0,1.0
11772,1.0,1.0
11773,1.0,1.0
11774,1.0,1.0
11775,1.0,1.0
11776,0.0,1.0
11777,1.0,1.0
11778,1.0,1.0
11779,0.0,0.0
11780,1.0,0.0
11781,1.0,0.0
11782,1.0,1.0
11783,0.0,1.0
11784,1.0,1.0
11785,0.0,1.0
11786,0.0,1.0
11787,0.0,1.0
11788,1.0,1.0
11789,1.0,0.0
11790,1.0,1.0
11791,0.0,0.0
11792,1.0,1.0
11793,1.0,1.0
11794,1.0,0.0
11795,1.0,1.0
11796,1.0,1.0
11797,1.0,0.0
11798,1.0,1.0
11799,0.0,1.0
11800,0.0,0.0
11801,0.0,1.0
11802,1.0,1.0
11803,1.0,1.0
11804,0.0,1.0
11805,1.0,1.0
11806,1.0,1.0
11807,1.0,0.0
11808,1.0,1.0
11809,1.0,1.0
11810,1.0,1.0
11811,0.0,1.0
11812,1.0,1.0
11813,0.0,1.0
11814,0.0,1.0
11815,1.0,1.0
11816,1.0,0.0
11817,1.0,1.0
11818,1.0,1.0
11819,1.0,1.0
11820,0.0,1.0
11821,1.0,1.0
11822,1.0,1.0
11823,1.0,1.0
11824,1.0,1.0
11825,0.0,0.0
11826,1.0,0.0
11827,1.0,1.0
11828,1.0,1.0
11829,1.0,1.0
11830,1.0,0.0
11831,1.0,1.0
11832,0.0,0.0
11833,1.0,1.0
11834,1.0,1.0
11835,1.0,1.0
11836,1.0,1.0
11837,1.0,1.0
11838,0.0,0.0
11839,1.0,1.0
11840,1.0,0.0
11841,0.0,0.0
11842,1.0,1.0
11843,0.0,1.0
11844,0.0,1.0
11845,1.0,1.0
11846,1.0,1.0
11847,0.0,1.0
11848,1.0,1.0
11849,1.0,1.0
11850,1.0,0.0
11851,1.0,1.0
11852,1.0,0.0
11853,1.0,1.0
11854,1.0,0.0
11855,1.0,1.0
11856,1.0,1.0
11857,1.0,1.0
11858,1.0,1.0
11859,1.0,0.0
11860,1.0,1.0
11861,1.0,1.0
11862,1.0,0.0
11863,0.0,1.0
11864,1.0,1.0
11865,1.0,1.0
11866,1.0,1.0
11867,1.0,1.0
11868,1.0,1.0
11869,1.0,1.0
11870,1.0,1.0
11871,1.0,1.0
11872,1.0,1.0
11873,1.0,1.0
11874,1.0,1.0
11875,0.0,1.0
11876,1.0,1.0
11877,1.0,0.0
11878,1.0,1.0
11879,1.0,1.0
11880,1.0,1.0
11881,1.0,0.0
11882,1.0,1.0
11883,1.0,0.0
11884,1.0,1.0
11885,1.0,0.0
11886,1.0,1.0
11887,0.0,1.0
11888,1.0,1.0
11889,1.0,1.0
11890,1.0,1.0
11891,1.0,1.0
11892,0.0,1.0
11893,1.0,1.0
11894,0.0,0.0
11895,0.0,1.0
11896,1.0,1.0
11897,1.0,0.0
11898,1.0,1.0
11899,1.0,1.0
11900,0.0,1.0
11901,0.0,1.0
11902,1.0,1.0
11903,1.0,1.0
11904,1.0,1.0
11905,0.0,0.0
11906,1.0,1.0
11907,1.0,1.0
11908,0.0,1.0
11909,0.0,1.0
11910,1.0,1.0
11911,1.0,1.0
11912,1.0,1.0
11913,1.0,1.0
11914,0.0,1.0
11915,1.0,1.0
11916,1.0,1.0
11917,1.0,1.0
11918,1.0,1.0
11919,1.0,1.0
11920,0.0,0.0
11921,1.0,1.0
11922,0.0,0.0
11923,1.0,0.0
11924,1.0,1.0
11925,1.0,1.0
11926,1.0,1.0
11927,1.0,1.0
11928,1.0,0.0
11929,0.0,1.0
11930,0.0,1.0
11931,1.0,1.0
11932,1.0,0.0
11933,1.0,1.0
11934,1.0,0.0
11935,1.0,1.0
11936,1.0,0.0
11937,1.0,0.0
11938,0.0,1.0
11939,1.0,1.0
11940,1.0,1.0
11941,1.0,1.0
11942,1.0,1.0
11943,1.0,1.0
11944,1.0,1.0
11945,1.0,1.0
11946,1.0,1.0
11947,0.0,1.0
11948,1.0,1.0
11949,1.0,1.0
11950,1.0,1.0
11951,0.0,1.0
11952,0.0,0.0
11953,1.0,1.0
11954,1.0,1.0
11955,1.0,0.0
11956,1.0,1.0
11957,1.0,1.0
11958,1.0,1.0
11959,1.0,1.0
11960,1.0,1.0
11961,1.0,1.0
11962,1.0,1.0
11963,0.0,0.0
11964,0.0,1.0
11965,1.0,1.0
11966,1.0,1.0
11967,1.0,1.0
11968,1.0,0.0
11969,1.0,1.0
11970,1.0,1.0
11971,1.0,1.0
11972,1.0,1.0
11973,1.0,1.0
11974,1.0,1.0
11975,1.0,1.0
11976,0.0,1.0
11977,1.0,1.0
11978,0.0,1.0
11979,1.0,1.0
11980,1.0,0.0
11981,0.0,1.0
11982,0.0,1.0
11983,1.0,1.0
11984,1.0,0.0
11985,0.0,1.0
11986,0.0,1.0
11987,1.0,1.0
11988,1.0,1.0
11989,1.0,0.0
11990,1.0,1.0
11991,1.0,1.0
11992,0.0,0.0
11993,0.0,1.0
11994,1.0,1.0
11995,1.0,1.0
11996,1.0,1.0
11997,0.0,0.0
11998,1.0,0.0
11999,1.0,1.0
12000,1.0,1.0
12001,1.0,1.0
12002,0.0,1.0
12003,1.0,1.0
12004,1.0,1.0
12005,0.0,0.0
12006,1.0,1.0
12007,1.0,0.0
12008,0.0,1.0
12009,1.0,1.0
12010,1.0,0.0
12011,0.0,1.0
12012,1.0,1.0
12013,1.0,1.0
12014,1.0,1.0
12015,1.0,1.0
12016,0.0,1.0
12017,1.0,1.0
12018,1.0,1.0
12019,1.0,1.0
12020,0.0,1.0
12021,1.0,1.0
12022,1.0,1.0
12023,1.0,1.0
12024,1.0,0.0
12025,0.0,1.0
12026,1.0,1.0
12027,1.0,1.0
12028,1.0,0.0
12029,1.0,1.0
12030,0.0,1.0
12031,1.0,1.0
12032,0.0,1.0
12033,1.0,1.0
12034,1.0,1.0
12035,1.0,1.0
12036,0.0,1.0
12037,1.0,1.0
12038,1.0,0.0
12039,1.0,1.0
12040,1.0,1.0
12041,1.0,1.0
12042,0.0,1.0
12043,1.0,1.0
12044,0.0,0.0
12045,1.0,0.0
12046,0.0,1.0
12047,1.0,1.0
12048,0.0,1.0
12049,0.0,1.0
12050,0.0,1.0
12051,1.0,1.0
12052,0.0,1.0
12053,0.0,1.0
12054,1.0,1.0
12055,1.0,1.0
12056,1.0,1.0
12057,1.0,1.0
12058,1.0,1.0
12059,1.0,1.0
12060,1.0,0.0
12061,1.0,0.0
12062,1.0,1.0
12063,1.0,0.0
12064,1.0,0.0
12065,1.0,1.0
12066,0.0,1.0
12067,1.0,1.0
12068,1.0,1.0
12069,1.0,1.0
12070,0.0,1.0
12071,1.0,0.0
12072,1.0,1.0
12073,0.0,1.0
12074,0.0,1.0
12075,1.0,1.0
12076,1.0,1.0
12077,1.0,1.0
12078,1.0,1.0
12079,0.0,1.0
12080,1.0,1.0
12081,0.0,0.0
12082,0.0,0.0
12083,0.0,1.0
12084,1.0,1.0
12085,1.0,1.0
12086,1.0,1.0
12087,1.0,1.0
12088,1.0,1.0
12089,1.0,1.0
12090,1.0,1.0
12091,1.0,1.0
12092,0.0,1.0
12093,1.0,1.0
12094,1.0,1.0
12095,0.0,1.0
12096,1.0,1.0
12097,0.0,1.0
12098,1.0,1.0
12099,1.0,1.0
12100,1.0,1.0
12101,1.0,1.0
12102,1.0,1.0
12103,1.0,1.0
12104,1.0,1.0
12105,1.0,0.0
12106,1.0,1.0
12107,1.0,1.0
12108,1.0,1.0
12109,1.0,1.0
12110,1.0,0.0
12111,1.0,1.0
12112,0.0,1.0
12113,0.0,1.0
12114,1.0,1.0
12115,1.0,1.0
12116,1.0,1.0
12117,1.0,1.0
12118,1.0,1.0
12119,0.0,1.0
12120,1.0,1.0
12121,1.0,1.0
12122,0.0,1.0
12123,1.0,1.0
12124,0.0,0.0
12125,1.0,1.0
12126,1.0,1.0
12127,1.0,1.0
12128,1.0,1.0
12129,0.0,1.0
12130,1.0,1.0
12131,0.0,1.0
12132,1.0,0.0
12133,1.0,1.0
12134,1.0,1.0
12135,0.0,1.0
12136,0.0,1.0
12137,1.0,1.0
12138,0.0,0.0
12139,0.0,0.0
12140,0.0,1.0
12141,1.0,0.0
12142,0.0,1.0
12143,0.0,1.0
12144,1.0,1.0
12145,0.0,0.0
12146,1.0,1.0
12147,0.0,1.0
12148,1.0,0.0
12149,0.0,1.0
12150,0.0,0.0
12151,0.0,0.0
12152,1.0,1.0
12153,0.0,0.0
12154,1.0,0.0
12155,1.0,1.0
12156,0.0,1.0
12157,1.0,1.0
12158,1.0,1.0
12159,1.0,1.0
12160,0.0,1.0
12161,1.0,1.0
12162,1.0,1.0
12163,0.0,1.0
12164,0.0,1.0
12165,1.0,1.0
12166,1.0,1.0
12167,1.0,1.0
12168,1.0,1.0
12169,1.0,1.0
12170,1.0,1.0
12171,1.0,1.0
12172,1.0,1.0
12173,0.0,1.0
12174,1.0,1.0
12175,1.0,1.0
12176,1.0,1.0
12177,1.0,1.0
12178,1.0,1.0
12179,0.0,0.0
12180,1.0,1.0
12181,1.0,0.0
12182,0.0,1.0
12183,1.0,1.0
12184,0.0,1.0
12185,0.0,1.0
12186,1.0,1.0
12187,1.0,1.0
12188,1.0,1.0
12189,0.0,1.0
12190,1.0,1.0
12191,1.0,1.0
12192,1.0,1.0
12193,1.0,0.0
12194,1.0,1.0
12195,1.0,1.0
12196,1.0,1.0
12197,0.0,0.0
12198,1.0,1.0
12199,0.0,1.0
12200,1.0,0.0
12201,0.0,1.0
12202,1.0,0.0
12203,1.0,1.0
12204,1.0,1.0
12205,1.0,1.0
12206,1.0,1.0
12207,1.0,1.0
12208,1.0,1.0
12209,0.0,0.0
12210,1.0,1.0
12211,0.0,1.0
12212,1.0,1.0
12213,1.0,1.0
12214,1.0,0.0
12215,0.0,0.0
12216,1.0,1.0
12217,1.0,1.0
12218,1.0,1.0
12219,1.0,1.0
12220,1.0,1.0
12221,1.0,1.0
12222,0.0,1.0
12223,1.0,1.0
12224,1.0,1.0
12225,0.0,1.0
12226,1.0,1.0
12227,1.0,0.0
12228,1.0,0.0
12229,1.0,1.0
12230,1.0,0.0
12231,1.0,1.0
12232,1.0,1.0
12233,1.0,1.0
12234,0.0,0.0
12235,0.0,1.0
12236,1.0,1.0
12237,1.0,1.0
12238,1.0,1.0
12239,1.0,1.0
12240,0.0,1.0
12241,1.0,1.0
12242,1.0,1.0
12243,1.0,1.0
12244,0.0,0.0
12245,1.0,1.0
12246,1.0,1.0
12247,1.0,1.0
12248,0.0,1.0
12249,0.0,1.0
12250,1.0,1.0
12251,1.0,1.0
12252,1.0,0.0
12253,1.0,0.0
12254,1.0,1.0
12255,1.0,1.0
12256,1.0,0.0
12257,1.0,1.0
12258,0.0,1.0
12259,1.0,0.0
12260,1.0,1.0
12261,1.0,1.0
12262,1.0,1.0
12263,1.0,1.0
12264,1.0,1.0
12265,0.0,1.0
12266,1.0,1.0
12267,0.0,1.0
12268,1.0,1.0
12269,1.0,1.0
12270,1.0,1.0
12271,0.0,0.0
12272,0.0,1.0
12273,1.0,1.0
12274,0.0,1.0
12275,1.0,1.0
12276,1.0,1.0
12277,1.0,1.0
12278,1.0,1.0
12279,1.0,1.0
12280,1.0,1.0
12281,0.0,1.0
12282,1.0,0.0
12283,1.0,1.0
12284,1.0,1.0
12285,1.0,1.0
12286,0.0,1.0
12287,1.0,1.0
12288,1.0,0.0
12289,1.0,1.0
12290,1.0,1.0
12291,1.0,1.0
12292,1.0,1.0
12293,1.0,1.0
12294,1.0,1.0
12295,1.0,1.0
12296,1.0,1.0
12297,0.0,1.0
12298,1.0,1.0
12299,1.0,1.0
12300,1.0,1.0
12301,1.0,0.0
12302,1.0,1.0
12303,1.0,1.0
12304,1.0,1.0
12305,1.0,1.0
12306,1.0,1.0
12307,0.0,1.0
12308,0.0,1.0
12309,1.0,1.0
12310,0.0,0.0
12311,0.0,0.0
12312,0.0,1.0
12313,1.0,0.0
12314,1.0,1.0
12315,1.0,1.0
12316,0.0,0.0
12317,1.0,1.0
12318,1.0,1.0
12319,1.0,1.0
12320,1.0,1.0
12321,1.0,1.0
12322,1.0,1.0
12323,1.0,1.0
12324,1.0,1.0
12325,1.0,1.0
12326,1.0,1.0
12327,1.0,1.0
12328,1.0,0.0
12329,0.0,1.0
12330,1.0,1.0
12331,1.0,1.0
12332,1.0,0.0
12333,1.0,1.0
12334,1.0,1.0
12335,1.0,0.0
12336,1.0,1.0
12337,1.0,1.0
12338,1.0,1.0
12339,0.0,1.0
12340,1.0,1.0
12341,1.0,1.0
12342,1.0,1.0
12343,1.0,1.0
12344,1.0,1.0
12345,1.0,1.0
12346,0.0,1.0
12347,1.0,1.0
12348,1.0,1.0
12349,1.0,1.0
12350,1.0,1.0
12351,1.0,1.0
12352,1.0,1.0
12353,1.0,1.0
12354,1.0,1.0
12355,0.0,1.0
12356,1.0,1.0
12357,1.0,1.0
12358,1.0,1.0
12359,0.0,0.0
12360,1.0,1.0
12361,1.0,1.0
12362,1.0,1.0
12363,1.0,1.0
12364,1.0,0.0
12365,0.0,1.0
12366,1.0,1.0
12367,0.0,1.0
12368,1.0,1.0
12369,1.0,1.0
12370,1.0,1.0
12371,0.0,1.0
12372,0.0,1.0
12373,1.0,0.0
12374,1.0,1.0
12375,1.0,1.0
12376,1.0,1.0
12377,0.0,1.0
12378,1.0,1.0
12379,0.0,1.0
12380,0.0,0.0
12381,1.0,1.0
12382,1.0,1.0
12383,1.0,1.0
12384,1.0,1.0
12385,1.0,1.0
12386,1.0,1.0
12387,1.0,1.0
12388,1.0,1.0
12389,0.0,1.0
12390,1.0,1.0
12391,0.0,1.0
12392,0.0,1.0
12393,0.0,1.0
12394,1.0,1.0
12395,1.0,1.0
12396,1.0,1.0
12397,1.0,0.0
12398,1.0,1.0
12399,0.0,1.0
12400,1.0,1.0
12401,0.0,1.0
12402,0.0,0.0
12403,1.0,1.0
12404,1.0,1.0
12405,0.0,1.0
12406,1.0,1.0
12407,1.0,1.0
12408,1.0,0.0
12409,0.0,1.0
12410,1.0,1.0
12411,1.0,1.0
12412,0.0,1.0
12413,1.0,1.0
12414,0.0,0.0
12415,0.0,1.0
12416,0.0,1.0
12417,1.0,1.0
12418,0.0,0.0
12419,1.0,0.0
12420,1.0,0.0
12421,1.0,1.0
12422,1.0,1.0
12423,1.0,1.0
12424,0.0,0.0
12425,0.0,1.0
12426,1.0,1.0
12427,0.0,0.0
12428,1.0,1.0
12429,1.0,1.0
12430,1.0,0.0
12431,1.0,0.0
12432,1.0,1.0
12433,1.0,1.0
12434,1.0,1.0
12435,1.0,1.0
12436,1.0,1.0
12437,1.0,0.0
12438,1.0,1.0
12439,0.0,1.0
12440,0.0,1.0
12441,0.0,0.0
12442,1.0,0.0
12443,1.0,0.0
12444,1.0,1.0
12445,0.0,1.0
12446,1.0,1.0
12447,1.0,1.0
12448,1.0,1.0
12449,1.0,1.0
12450,1.0,1.0
12451,1.0,1.0
12452,1.0,1.0
12453,0.0,0.0
12454,1.0,1.0
12455,1.0,1.0
12456,1.0,0.0
12457,0.0,1.0
12458,1.0,1.0
12459,1.0,1.0
12460,1.0,1.0
12461,1.0,1.0
12462,0.0,1.0
12463,0.0,1.0
12464,1.0,1.0
12465,1.0,0.0
12466,1.0,1.0
12467,0.0,1.0
12468,0.0,1.0
12469,0.0,1.0
12470,0.0,1.0
12471,0.0,1.0
12472,0.0,0.0
12473,1.0,1.0
12474,1.0,0.0
12475,1.0,1.0
12476,1.0,1.0
12477,1.0,1.0
12478,1.0,1.0
12479,1.0,0.0
12480,1.0,0.0
12481,1.0,1.0
12482,1.0,1.0
12483,1.0,1.0
12484,0.0,1.0
12485,1.0,1.0
12486,0.0,0.0
12487,1.0,1.0
12488,1.0,1.0
12489,0.0,1.0
12490,0.0,0.0
12491,0.0,0.0
12492,1.0,0.0
12493,0.0,1.0
12494,0.0,1.0
12495,1.0,1.0
12496,1.0,0.0
12497,1.0,1.0
12498,1.0,1.0
12499,1.0,0.0
12500,1.0,1.0
12501,0.0,0.0
12502,0.0,0.0
12503,1.0,1.0
12504,0.0,1.0
12505,1.0,1.0
12506,0.0,1.0
12507,1.0,0.0
12508,1.0,1.0
12509,0.0,1.0
12510,1.0,1.0
12511,1.0,1.0
12512,1.0,1.0
12513,1.0,0.0
12514,1.0,1.0
12515,0.0,1.0
12516,0.0,1.0
12517,1.0,1.0
12518,1.0,1.0
12519,1.0,1.0
12520,0.0,0.0
12521,1.0,1.0
12522,1.0,1.0
12523,1.0,1.0
12524,1.0,1.0
12525,1.0,1.0
12526,1.0,1.0
12527,1.0,1.0
12528,1.0,1.0
12529,0.0,1.0
12530,1.0,1.0
12531,1.0,1.0
12532,1.0,1.0
12533,1.0,0.0
12534,1.0,1.0
12535,1.0,1.0
12536,1.0,0.0
12537,1.0,1.0
12538,1.0,1.0
12539,0.0,1.0
12540,1.0,1.0
12541,1.0,1.0
12542,1.0,0.0
12543,0.0,1.0
12544,1.0,1.0
12545,1.0,1.0
12546,1.0,1.0
12547,0.0,1.0
12548,1.0,1.0
12549,1.0,1.0
12550,1.0,1.0
12551,1.0,0.0
12552,1.0,1.0
12553,1.0,0.0
12554,1.0,1.0
12555,0.0,1.0
12556,1.0,1.0
12557,0.0,1.0
12558,0.0,0.0
12559,1.0,1.0
12560,0.0,1.0
12561,1.0,1.0
12562,1.0,1.0
12563,1.0,1.0
12564,0.0,1.0
12565,1.0,1.0
12566,0.0,1.0
12567,1.0,0.0
12568,1.0,1.0
12569,1.0,1.0
12570,1.0,1.0
12571,1.0,1.0
12572,1.0,1.0
12573,0.0,1.0
12574,1.0,1.0
12575,1.0,0.0
12576,1.0,1.0
12577,1.0,0.0
12578,1.0,0.0
12579,1.0,1.0
12580,1.0,0.0
12581,1.0,1.0
12582,1.0,1.0
12583,1.0,1.0
12584,1.0,1.0
12585,0.0,1.0
12586,1.0,1.0
12587,1.0,1.0
12588,0.0,1.0
12589,1.0,1.0
12590,0.0,1.0
12591,1.0,1.0
12592,1.0,1.0
12593,1.0,1.0
12594,1.0,0.0
12595,1.0,1.0
12596,1.0,0.0
12597,1.0,1.0
12598,1.0,1.0
12599,1.0,1.0
12600,1.0,1.0
12601,1.0,1.0
12602,1.0,1.0
12603,1.0,1.0
12604,1.0,1.0
12605,1.0,1.0
12606,1.0,0.0
12607,0.0,1.0
12608,1.0,0.0
12609,1.0,1.0
12610,1.0,0.0
12611,1.0,1.0
12612,1.0,1.0
12613,1.0,1.0
12614,1.0,1.0
12615,1.0,1.0
12616,1.0,1.0
12617,1.0,1.0
12618,1.0,1.0
12619,1.0,1.0
12620,1.0,1.0
12621,1.0,1.0
12622,1.0,1.0
12623,1.0,1.0
12624,1.0,1.0
12625,1.0,1.0
12626,1.0,1.0
12627,1.0,0.0
12628,1.0,0.0
12629,1.0,1.0
12630,1.0,1.0
12631,1.0,1.0
12632,0.0,1.0
12633,1.0,1.0
12634,1.0,1.0
12635,1.0,1.0
12636,0.0,1.0
12637,1.0,0.0
12638,1.0,1.0
12639,1.0,1.0
12640,1.0,1.0
12641,1.0,1.0
12642,1.0,1.0
12643,0.0,0.0
12644,1.0,1.0
12645,1.0,1.0
12646,1.0,1.0
12647,1.0,1.0
12648,1.0,1.0
12649,1.0,1.0
12650,1.0,1.0
12651,1.0,1.0
12652,0.0,1.0
12653,1.0,1.0
12654,1.0,0.0
12655,1.0,1.0
12656,0.0,1.0
12657,0.0,1.0
12658,1.0,1.0
12659,0.0,1.0
12660,1.0,1.0
12661,1.0,1.0
12662,1.0,1.0
12663,0.0,1.0
12664,0.0,1.0
12665,1.0,1.0
12666,1.0,1.0
12667,1.0,1.0
12668,0.0,1.0
12669,1.0,1.0
12670,1.0,1.0
12671,0.0,1.0
12672,1.0,1.0
12673,0.0,1.0
12674,0.0,1.0
12675,1.0,0.0
12676,0.0,1.0
12677,1.0,1.0
12678,1.0,1.0
12679,1.0,1.0
12680,1.0,1.0
12681,1.0,1.0
12682,1.0,1.0
12683,1.0,0.0
12684,1.0,1.0
12685,1.0,1.0
12686,0.0,1.0
12687,0.0,0.0
12688,1.0,1.0
12689,1.0,1.0
12690,1.0,1.0
12691,1.0,0.0
12692,1.0,1.0
12693,1.0,1.0
12694,0.0,1.0
12695,0.0,1.0
12696,1.0,1.0
12697,1.0,1.0
12698,1.0,1.0
12699,0.0,1.0
12700,1.0,1.0
12701,1.0,0.0
12702,1.0,0.0
12703,1.0,1.0
12704,0.0,1.0
12705,0.0,1.0
12706,1.0,0.0
12707,0.0,1.0
12708,1.0,1.0
12709,1.0,1.0
12710,1.0,1.0
12711,1.0,1.0
12712,1.0,1.0
12713,0.0,1.0
12714,1.0,1.0
12715,0.0,1.0
12716,0.0,1.0
12717,1.0,1.0
12718,0.0,1.0
12719,1.0,1.0
12720,1.0,1.0
12721,0.0,1.0
12722,0.0,0.0
12723,1.0,1.0
12724,1.0,0.0
12725,0.0,0.0
12726,1.0,1.0
12727,1.0,1.0
12728,1.0,1.0
12729,1.0,1.0
12730,1.0,1.0
12731,1.0,1.0
12732,1.0,1.0
12733,1.0,1.0
12734,1.0,1.0
12735,1.0,1.0
12736,1.0,1.0
12737,0.0,1.0
12738,1.0,1.0
12739,1.0,1.0
12740,0.0,0.0
12741,1.0,0.0
12742,1.0,1.0
12743,1.0,1.0
12744,1.0,1.0
12745,0.0,1.0
12746,0.0,1.0
12747,1.0,1.0
12748,1.0,1.0
12749,1.0,1.0
12750,1.0,1.0
12751,1.0,1.0
12752,0.0,0.0
12753,0.0,0.0
12754,1.0,0.0
12755,1.0,0.0
12756,1.0,1.0
12757,1.0,1.0
12758,1.0,1.0
12759,1.0,1.0
12760,1.0,1.0
12761,1.0,1.0
12762,1.0,1.0
12763,0.0,1.0
12764,1.0,1.0
12765,1.0,1.0
12766,1.0,0.0
12767,0.0,1.0
12768,1.0,1.0
12769,1.0,1.0
12770,1.0,1.0
12771,1.0,1.0
12772,1.0,1.0
12773,1.0,1.0
12774,1.0,1.0
12775,0.0,1.0
12776,0.0,0.0
12777,0.0,1.0
12778,1.0,1.0
12779,1.0,1.0
12780,1.0,1.0
12781,1.0,1.0
12782,1.0,1.0
12783,1.0,1.0
12784,1.0,1.0
12785,1.0,1.0
12786,1.0,1.0
12787,0.0,0.0
12788,1.0,1.0
12789,1.0,0.0
12790,0.0,1.0
12791,0.0,1.0
12792,0.0,0.0
12793,0.0,0.0
12794,1.0,1.0
12795,1.0,0.0
12796,1.0,1.0
12797,0.0,1.0
12798,1.0,0.0
12799,0.0,1.0
12800,1.0,1.0
12801,1.0,1.0
12802,0.0,0.0
12803,1.0,1.0
12804,0.0,1.0
12805,1.0,1.0
12806,1.0,1.0
12807,1.0,1.0
12808,0.0,1.0
12809,1.0,0.0
12810,1.0,0.0
12811,1.0,1.0
12812,1.0,1.0
12813,0.0,1.0
12814,0.0,1.0
12815,1.0,1.0
12816,0.0,1.0
12817,1.0,1.0
12818,1.0,1.0
12819,1.0,1.0
12820,0.0,1.0
12821,1.0,0.0
12822,0.0,1.0
12823,1.0,1.0
12824,0.0,1.0
12825,1.0,1.0
12826,0.0,1.0
12827,1.0,1.0
12828,1.0,1.0
12829,1.0,1.0
12830,1.0,1.0
12831,0.0,1.0
12832,1.0,1.0
12833,1.0,1.0
12834,0.0,1.0
12835,1.0,0.0
12836,1.0,0.0
12837,1.0,1.0
12838,1.0,1.0
12839,1.0,0.0
12840,0.0,0.0
12841,0.0,1.0
12842,1.0,1.0
12843,1.0,1.0
12844,0.0,1.0
12845,1.0,1.0
12846,0.0,0.0
12847,0.0,1.0
12848,1.0,1.0
12849,1.0,1.0
12850,1.0,1.0
12851,1.0,1.0
12852,1.0,1.0
12853,1.0,0.0
12854,1.0,1.0
12855,0.0,1.0
12856,1.0,1.0
12857,1.0,1.0
12858,0.0,1.0
12859,1.0,1.0
12860,1.0,0.0
12861,1.0,1.0
12862,1.0,1.0
12863,1.0,1.0
12864,0.0,1.0
12865,1.0,1.0
12866,0.0,1.0
12867,1.0,1.0
12868,1.0,1.0
12869,0.0,1.0
12870,1.0,1.0
12871,1.0,1.0
12872,1.0,1.0
12873,1.0,1.0
12874,0.0,1.0
12875,0.0,1.0
12876,1.0,1.0
12877,1.0,0.0
12878,1.0,1.0
12879,1.0,1.0
12880,1.0,1.0
12881,1.0,0.0
12882,1.0,1.0
12883,0.0,1.0
12884,1.0,1.0
12885,0.0,1.0
12886,1.0,1.0
12887,1.0,1.0
12888,1.0,1.0
12889,0.0,1.0
12890,1.0,1.0
12891,0.0,1.0
12892,1.0,0.0
12893,1.0,0.0
12894,1.0,1.0
12895,1.0,1.0
12896,1.0,1.0
12897,1.0,1.0
12898,1.0,1.0
12899,1.0,0.0
12900,1.0,1.0
12901,1.0,1.0
12902,1.0,1.0
12903,1.0,1.0
12904,1.0,1.0
12905,1.0,1.0
12906,1.0,0.0
12907,1.0,1.0
12908,0.0,0.0
12909,1.0,1.0
12910,0.0,1.0
12911,1.0,1.0
12912,0.0,1.0
12913,1.0,1.0
12914,1.0,1.0
12915,1.0,1.0
12916,0.0,1.0
12917,1.0,0.0
12918,1.0,0.0
12919,1.0,1.0
12920,1.0,1.0
12921,0.0,1.0
12922,0.0,1.0
12923,1.0,0.0
12924,1.0,1.0
12925,1.0,1.0
12926,0.0,1.0
12927,1.0,1.0
12928,1.0,1.0
12929,1.0,1.0
12930,1.0,1.0
12931,0.0,1.0
12932,1.0,1.0
12933,1.0,1.0
12934,1.0,1.0
12935,1.0,1.0
12936,1.0,1.0
12937,1.0,1.0
12938,1.0,1.0
12939,1.0,1.0
12940,1.0,0.0
12941,1.0,1.0
12942,1.0,1.0
12943,1.0,1.0
12944,1.0,1.0
12945,0.0,1.0
12946,1.0,1.0
12947,1.0,1.0
12948,1.0,0.0
12949,1.0,1.0
12950,0.0,1.0
12951,0.0,1.0
12952,1.0,1.0
12953,1.0,1.0
12954,1.0,1.0
12955,1.0,1.0
12956,1.0,0.0
12957,1.0,1.0
12958,1.0,0.0
12959,1.0,0.0
12960,1.0,0.0
12961,1.0,1.0
12962,1.0,1.0
12963,1.0,1.0
12964,1.0,1.0
12965,1.0,0.0
12966,1.0,1.0
12967,1.0,1.0
12968,1.0,1.0
12969,1.0,1.0
12970,1.0,1.0
12971,1.0,1.0
12972,1.0,0.0
12973,1.0,0.0
12974,1.0,1.0
12975,1.0,1.0
12976,1.0,1.0
12977,1.0,1.0
12978,1.0,1.0
12979,1.0,1.0
12980,1.0,1.0
12981,1.0,1.0
12982,1.0,1.0
12983,1.0,1.0
12984,1.0,1.0
12985,0.0,1.0
12986,1.0,1.0
12987,0.0,1.0
12988,1.0,0.0
12989,1.0,1.0
12990,1.0,1.0
12991,1.0,1.0
12992,0.0,1.0
12993,1.0,1.0
12994,1.0,1.0
12995,1.0,1.0
12996,1.0,1.0
12997,1.0,0.0
12998,1.0,1.0
12999,1.0,1.0
13000,1.0,1.0
13001,1.0,1.0
13002,1.0,0.0
13003,1.0,1.0
13004,1.0,1.0
13005,0.0,1.0
13006,1.0,0.0
13007,1.0,1.0
13008,1.0,1.0
13009,0.0,1.0
13010,1.0,0.0
13011,0.0,0.0
13012,1.0,1.0
13013,0.0,1.0
13014,0.0,1.0
13015,0.0,1.0
13016,1.0,1.0
13017,0.0,1.0
13018,1.0,1.0
13019,1.0,1.0
13020,1.0,1.0
13021,1.0,1.0
13022,1.0,1.0
13023,0.0,1.0
13024,1.0,1.0
13025,1.0,1.0
13026,0.0,1.0
13027,1.0,1.0
13028,1.0,1.0
13029,0.0,1.0
13030,1.0,1.0
13031,1.0,1.0
13032,1.0,0.0
13033,1.0,0.0
13034,0.0,0.0
13035,1.0,1.0
13036,1.0,1.0
13037,0.0,1.0
13038,1.0,1.0
13039,0.0,1.0
13040,1.0,0.0
13041,1.0,1.0
13042,1.0,1.0
13043,0.0,0.0
13044,1.0,1.0
13045,1.0,1.0
13046,1.0,1.0
13047,1.0,1.0
13048,1.0,1.0
13049,1.0,1.0
13050,1.0,0.0
13051,1.0,1.0
13052,1.0,1.0
13053,0.0,1.0
13054,1.0,1.0
13055,1.0,1.0
13056,1.0,1.0
13057,0.0,1.0
13058,1.0,1.0
13059,0.0,1.0
13060,1.0,1.0
13061,0.0,1.0
13062,1.0,1.0
13063,0.0,1.0
13064,0.0,1.0
13065,1.0,1.0
13066,1.0,1.0
13067,1.0,1.0
13068,1.0,1.0
13069,1.0,0.0
13070,1.0,1.0
13071,1.0,1.0
13072,0.0,1.0
13073,1.0,1.0
13074,1.0,0.0
13075,1.0,1.0
13076,1.0,1.0
13077,1.0,1.0
13078,1.0,1.0
13079,1.0,1.0
13080,1.0,0.0
13081,1.0,0.0
13082,1.0,0.0
13083,1.0,1.0
13084,1.0,1.0
13085,1.0,1.0
13086,0.0,1.0
13087,1.0,1.0
13088,1.0,1.0
13089,0.0,0.0
13090,1.0,1.0
13091,1.0,1.0
13092,0.0,0.0
13093,1.0,0.0
13094,1.0,1.0
13095,0.0,1.0
13096,1.0,1.0
13097,1.0,1.0
13098,0.0,1.0
13099,0.0,1.0
13100,1.0,1.0
13101,1.0,1.0
13102,1.0,1.0
13103,1.0,0.0
13104,1.0,1.0
13105,1.0,1.0
13106,1.0,0.0
13107,1.0,1.0
13108,1.0,1.0
13109,0.0,1.0
13110,1.0,1.0
13111,0.0,1.0
13112,1.0,1.0
13113,1.0,1.0
13114,1.0,1.0
13115,0.0,0.0
13116,1.0,0.0
13117,0.0,1.0
13118,0.0,1.0
13119,1.0,1.0
13120,0.0,1.0
13121,0.0,1.0
13122,0.0,1.0
13123,0.0,1.0
13124,1.0,1.0
13125,1.0,1.0
13126,0.0,1.0
13127,1.0,1.0
13128,0.0,0.0
13129,1.0,1.0
13130,0.0,1.0
13131,1.0,1.0
13132,1.0,1.0
13133,1.0,0.0
13134,1.0,0.0
13135,1.0,1.0
13136,1.0,1.0
13137,1.0,1.0
13138,1.0,1.0
13139,1.0,1.0
13140,0.0,1.0
13141,1.0,0.0
13142,0.0,1.0
13143,0.0,0.0
13144,1.0,1.0
13145,1.0,1.0
13146,1.0,1.0
13147,1.0,1.0
13148,1.0,1.0
13149,0.0,1.0
13150,1.0,1.0
13151,0.0,1.0
13152,1.0,1.0
13153,0.0,0.0
13154,1.0,1.0
13155,1.0,1.0
13156,0.0,1.0
13157,1.0,0.0
13158,0.0,1.0
13159,1.0,1.0
13160,1.0,1.0
13161,1.0,1.0
13162,0.0,1.0
13163,1.0,1.0
13164,1.0,1.0
13165,0.0,1.0
13166,1.0,1.0
13167,1.0,1.0
13168,1.0,1.0
13169,1.0,1.0
13170,1.0,1.0
13171,1.0,1.0
13172,1.0,1.0
13173,0.0,0.0
13174,0.0,1.0
13175,1.0,1.0
13176,1.0,1.0
13177,1.0,1.0
13178,1.0,1.0
13179,1.0,1.0
13180,1.0,1.0
13181,1.0,1.0
13182,1.0,1.0
13183,1.0,1.0
13184,1.0,0.0
13185,0.0,1.0
13186,1.0,0.0
13187,1.0,1.0
13188,0.0,1.0
13189,0.0,1.0
13190,1.0,1.0
13191,1.0,0.0
13192,0.0,1.0
13193,1.0,1.0
13194,1.0,1.0
13195,1.0,1.0
13196,1.0,0.0
13197,1.0,1.0
13198,1.0,1.0
13199,0.0,0.0
13200,0.0,0.0
13201,1.0,1.0
13202,0.0,1.0
13203,1.0,1.0
13204,1.0,1.0
13205,1.0,1.0
13206,1.0,1.0
13207,1.0,1.0
13208,1.0,1.0
13209,1.0,0.0
13210,1.0,1.0
13211,1.0,1.0
13212,1.0,1.0
13213,1.0,1.0
13214,1.0,1.0
13215,0.0,1.0
13216,1.0,1.0
13217,1.0,1.0
13218,0.0,1.0
13219,1.0,1.0
13220,1.0,1.0
13221,1.0,1.0
13222,1.0,1.0
13223,1.0,1.0
13224,1.0,1.0
13225,1.0,1.0
13226,0.0,0.0
13227,1.0,1.0
13228,1.0,1.0
13229,1.0,1.0
13230,1.0,1.0
13231,1.0,1.0
13232,0.0,1.0
13233,1.0,1.0
13234,0.0,0.0
13235,0.0,1.0
13236,1.0,1.0
13237,1.0,0.0
13238,1.0,1.0
13239,1.0,1.0
13240,1.0,1.0
13241,1.0,0.0
13242,1.0,1.0
13243,1.0,1.0
13244,0.0,1.0
13245,1.0,0.0
13246,1.0,1.0
13247,1.0,1.0
13248,0.0,1.0
13249,1.0,1.0
13250,0.0,1.0
13251,1.0,1.0
13252,1.0,1.0
13253,1.0,1.0
13254,1.0,1.0
13255,1.0,1.0
13256,1.0,1.0
13257,1.0,1.0
13258,1.0,1.0
13259,0.0,1.0
13260,1.0,1.0
13261,0.0,1.0
13262,1.0,1.0
13263,1.0,1.0
13264,0.0,1.0
13265,1.0,1.0
13266,0.0,1.0
13267,1.0,1.0
13268,0.0,1.0
13269,1.0,1.0
13270,1.0,1.0
13271,0.0,1.0
13272,1.0,1.0
13273,1.0,1.0
13274,1.0,1.0
13275,1.0,1.0
13276,0.0,0.0
13277,0.0,0.0
13278,1.0,0.0
13279,0.0,1.0
13280,1.0,0.0
13281,0.0,1.0
13282,1.0,1.0
13283,1.0,1.0
13284,1.0,1.0
13285,0.0,1.0
13286,1.0,1.0
13287,0.0,1.0
13288,1.0,1.0
13289,1.0,1.0
13290,1.0,1.0
13291,0.0,1.0
13292,0.0,1.0
13293,1.0,0.0
13294,1.0,1.0
13295,1.0,0.0
13296,1.0,1.0
13297,1.0,0.0
13298,1.0,0.0
13299,1.0,1.0
13300,0.0,1.0
13301,0.0,1.0
13302,0.0,1.0
13303,1.0,1.0
13304,1.0,1.0
13305,1.0,1.0
13306,1.0,1.0
13307,1.0,0.0
13308,1.0,0.0
13309,0.0,1.0
13310,1.0,1.0
13311,1.0,0.0
13312,1.0,0.0
13313,1.0,1.0
13314,0.0,1.0
13315,1.0,0.0
13316,0.0,1.0
13317,1.0,1.0
13318,1.0,0.0
13319,0.0,1.0
13320,1.0,1.0
13321,1.0,1.0
13322,1.0,1.0
13323,1.0,1.0
13324,0.0,1.0
13325,1.0,1.0
13326,0.0,1.0
13327,1.0,1.0
13328,0.0,1.0
13329,1.0,1.0
13330,1.0,1.0
13331,1.0,1.0
13332,0.0,1.0
13333,1.0,1.0
13334,1.0,1.0
13335,1.0,1.0
13336,1.0,1.0
13337,1.0,0.0
13338,1.0,0.0
13339,1.0,1.0
13340,0.0,1.0
13341,1.0,1.0
13342,1.0,1.0
13343,1.0,1.0
13344,1.0,1.0
13345,1.0,1.0
13346,1.0,1.0
13347,1.0,1.0
13348,1.0,0.0
13349,1.0,1.0
13350,1.0,1.0
13351,1.0,1.0
13352,0.0,1.0
13353,1.0,1.0
13354,0.0,1.0
13355,1.0,1.0
13356,0.0,1.0
13357,1.0,1.0
13358,1.0,1.0
13359,0.0,1.0
13360,1.0,1.0
13361,1.0,1.0
13362,0.0,1.0
13363,1.0,1.0
13364,0.0,1.0
13365,1.0,1.0
13366,1.0,1.0
13367,1.0,1.0
13368,1.0,0.0
13369,0.0,1.0
13370,1.0,1.0
13371,1.0,1.0
13372,1.0,0.0
13373,1.0,1.0
13374,1.0,1.0
13375,0.0,1.0
13376,1.0,1.0
13377,1.0,1.0
13378,0.0,1.0
13379,1.0,0.0
13380,1.0,1.0
13381,1.0,1.0
13382,1.0,1.0
13383,1.0,0.0
13384,1.0,1.0
13385,0.0,1.0
13386,0.0,1.0
13387,0.0,1.0
13388,1.0,1.0
13389,1.0,1.0
13390,0.0,1.0
13391,1.0,1.0
13392,1.0,1.0
13393,1.0,1.0
13394,1.0,0.0
13395,1.0,0.0
13396,0.0,1.0
13397,1.0,1.0
13398,1.0,1.0
13399,0.0,0.0
13400,0.0,1.0
13401,1.0,0.0
13402,1.0,1.0
13403,1.0,0.0
13404,1.0,0.0
13405,0.0,1.0
13406,1.0,1.0
13407,1.0,0.0
13408,1.0,0.0
13409,1.0,1.0
13410,0.0,1.0
13411,1.0,1.0
13412,1.0,1.0
13413,1.0,1.0
13414,1.0,0.0
13415,1.0,1.0
13416,0.0,0.0
13417,1.0,1.0
13418,1.0,1.0
13419,1.0,1.0
13420,1.0,1.0
13421,1.0,1.0
13422,1.0,0.0
13423,1.0,1.0
13424,1.0,1.0
13425,1.0,1.0
13426,0.0,1.0
13427,1.0,1.0
13428,0.0,1.0
13429,1.0,1.0
13430,1.0,0.0
13431,0.0,1.0
13432,1.0,0.0
13433,1.0,1.0
13434,1.0,0.0
13435,0.0,1.0
13436,1.0,1.0
13437,1.0,1.0
13438,1.0,1.0
13439,1.0,0.0
13440,1.0,1.0
13441,1.0,0.0
13442,1.0,1.0
13443,1.0,1.0
13444,0.0,1.0
13445,1.0,1.0
13446,1.0,1.0
13447,1.0,0.0
13448,1.0,1.0
13449,1.0,0.0
13450,1.0,1.0
13451,1.0,1.0
13452,1.0,0.0
13453,1.0,1.0
13454,1.0,1.0
13455,1.0,1.0
13456,1.0,1.0
13457,1.0,0.0
13458,1.0,1.0
13459,1.0,1.0
13460,0.0,0.0
13461,1.0,1.0
13462,1.0,1.0
13463,1.0,1.0
13464,1.0,1.0
13465,1.0,1.0
13466,1.0,1.0
13467,1.0,1.0
13468,1.0,1.0
13469,1.0,1.0
13470,1.0,1.0
13471,1.0,1.0
13472,0.0,0.0
13473,1.0,1.0
13474,0.0,1.0
13475,1.0,1.0
13476,1.0,1.0
13477,1.0,0.0
13478,1.0,1.0
13479,1.0,1.0
13480,1.0,1.0
13481,1.0,1.0
13482,1.0,1.0
13483,1.0,1.0
13484,1.0,1.0
13485,1.0,1.0
13486,1.0,1.0
13487,1.0,0.0
13488,1.0,1.0
13489,1.0,1.0
13490,1.0,1.0
13491,1.0,1.0
13492,0.0,1.0
13493,1.0,0.0
13494,1.0,1.0
13495,1.0,0.0
13496,1.0,1.0
13497,1.0,1.0
13498,1.0,1.0
13499,1.0,1.0
13500,0.0,1.0
13501,1.0,1.0
13502,1.0,1.0
13503,1.0,1.0
13504,1.0,0.0
13505,1.0,1.0
13506,1.0,1.0
13507,1.0,1.0
13508,1.0,1.0
13509,1.0,0.0
13510,1.0,0.0
13511,0.0,1.0
13512,1.0,1.0
13513,0.0,1.0
13514,1.0,1.0
13515,1.0,1.0
13516,1.0,1.0
13517,1.0,1.0
13518,0.0,0.0
13519,1.0,1.0
13520,0.0,0.0
13521,1.0,1.0
13522,0.0,1.0
13523,0.0,0.0
13524,1.0,1.0
13525,1.0,1.0
13526,1.0,1.0
13527,1.0,1.0
13528,1.0,1.0
13529,0.0,1.0
13530,1.0,1.0
13531,1.0,0.0
13532,1.0,0.0
13533,1.0,1.0
13534,1.0,0.0
13535,1.0,1.0
13536,1.0,1.0
13537,1.0,1.0
13538,1.0,1.0
13539,1.0,0.0
13540,0.0,0.0
13541,1.0,1.0
13542,1.0,1.0
13543,0.0,1.0
13544,1.0,1.0
13545,1.0,0.0
13546,1.0,1.0
13547,1.0,1.0
13548,1.0,1.0
13549,0.0,1.0
13550,1.0,1.0
13551,1.0,1.0
13552,1.0,1.0
13553,1.0,1.0
13554,0.0,1.0
13555,1.0,1.0
13556,1.0,0.0
13557,1.0,1.0
13558,0.0,1.0
13559,0.0,1.0
13560,0.0,1.0
13561,1.0,1.0
13562,1.0,1.0
13563,1.0,1.0
13564,1.0,1.0
13565,1.0,1.0
13566,1.0,1.0
13567,1.0,1.0
13568,1.0,1.0
13569,1.0,1.0
13570,1.0,1.0
13571,1.0,0.0
13572,1.0,1.0
13573,0.0,1.0
13574,1.0,1.0
13575,1.0,1.0
13576,0.0,0.0
13577,1.0,1.0
13578,1.0,1.0
13579,1.0,1.0
13580,1.0,1.0
13581,0.0,1.0
13582,1.0,1.0
13583,0.0,1.0
13584,0.0,1.0
13585,0.0,1.0
13586,1.0,1.0
13587,1.0,1.0
13588,1.0,1.0
13589,1.0,1.0
13590,1.0,1.0
13591,1.0,1.0
13592,1.0,1.0
13593,1.0,1.0
13594,1.0,1.0
13595,1.0,1.0
13596,1.0,1.0
13597,1.0,1.0
13598,1.0,1.0
13599,1.0,1.0
13600,0.0,1.0
13601,1.0,1.0
13602,1.0,1.0
13603,1.0,1.0
13604,0.0,1.0
13605,1.0,1.0
13606,0.0,1.0
13607,1.0,1.0
13608,1.0,1.0
13609,1.0,1.0
13610,1.0,0.0
13611,1.0,0.0
13612,1.0,1.0
13613,1.0,0.0
13614,1.0,1.0
13615,1.0,1.0
13616,1.0,1.0
13617,1.0,0.0
13618,0.0,1.0
13619,1.0,1.0
13620,1.0,1.0
13621,1.0,1.0
13622,1.0,1.0
13623,1.0,1.0
13624,1.0,1.0
13625,1.0,1.0
13626,1.0,0.0
13627,1.0,1.0
13628,1.0,1.0
13629,1.0,1.0
13630,0.0,0.0
13631,0.0,1.0
13632,1.0,1.0
13633,1.0,0.0
13634,0.0,1.0
13635,1.0,0.0
13636,0.0,1.0
13637,0.0,0.0
13638,1.0,0.0
13639,1.0,1.0
13640,1.0,1.0
13641,1.0,1.0
13642,1.0,0.0
13643,1.0,1.0
13644,1.0,1.0
13645,1.0,1.0
13646,1.0,1.0
13647,1.0,0.0
13648,1.0,1.0
13649,1.0,1.0
13650,1.0,1.0
13651,1.0,1.0
13652,1.0,1.0
13653,1.0,0.0
13654,0.0,1.0
13655,0.0,1.0
13656,1.0,1.0
13657,1.0,1.0
13658,1.0,1.0
13659,1.0,1.0
13660,0.0,1.0
13661,1.0,1.0
13662,0.0,0.0
13663,1.0,1.0
13664,1.0,1.0
13665,1.0,1.0
13666,1.0,0.0
13667,1.0,1.0
13668,1.0,1.0
13669,1.0,1.0
13670,1.0,1.0
13671,0.0,1.0
13672,1.0,1.0
13673,1.0,1.0
13674,0.0,1.0
13675,0.0,0.0
13676,0.0,1.0
13677,1.0,1.0
13678,1.0,1.0
13679,1.0,1.0
13680,0.0,1.0
13681,1.0,1.0
13682,1.0,1.0
13683,1.0,1.0
13684,1.0,1.0
13685,1.0,1.0
13686,1.0,0.0
13687,1.0,1.0
13688,1.0,1.0
13689,1.0,0.0
13690,0.0,0.0
13691,1.0,1.0
13692,1.0,1.0
13693,1.0,1.0
13694,0.0,0.0
13695,1.0,1.0
13696,1.0,0.0
13697,0.0,1.0
13698,1.0,1.0
13699,0.0,1.0
13700,1.0,1.0
13701,1.0,0.0
13702,0.0,1.0
13703,1.0,0.0
13704,0.0,1.0
13705,0.0,1.0
13706,1.0,0.0
13707,1.0,1.0
13708,0.0,0.0
13709,1.0,1.0
13710,1.0,1.0
13711,0.0,1.0
13712,0.0,1.0
13713,0.0,1.0
13714,0.0,1.0
13715,0.0,1.0
13716,0.0,1.0
13717,1.0,1.0
13718,1.0,1.0
13719,0.0,0.0
13720,1.0,1.0
13721,1.0,1.0
13722,1.0,1.0
13723,1.0,1.0
13724,0.0,1.0
13725,1.0,1.0
13726,1.0,1.0
13727,1.0,1.0
13728,0.0,1.0
13729,1.0,1.0
13730,0.0,1.0
13731,0.0,1.0
13732,0.0,1.0
13733,0.0,1.0
13734,1.0,0.0
13735,0.0,0.0
13736,1.0,1.0
13737,1.0,1.0
13738,1.0,1.0
13739,1.0,1.0
13740,1.0,0.0
13741,1.0,1.0
13742,1.0,1.0
13743,1.0,0.0
13744,1.0,1.0
13745,1.0,0.0
13746,1.0,0.0
13747,1.0,1.0
13748,1.0,0.0
13749,1.0,0.0
13750,1.0,1.0
13751,0.0,0.0
13752,1.0,1.0
13753,1.0,0.0
13754,1.0,1.0
13755,1.0,1.0
13756,1.0,0.0
13757,1.0,1.0
13758,1.0,1.0
13759,0.0,1.0
13760,0.0,1.0
13761,1.0,1.0
13762,1.0,1.0
13763,1.0,1.0
13764,1.0,1.0
13765,1.0,0.0
13766,0.0,1.0
13767,1.0,0.0
13768,1.0,1.0
13769,1.0,1.0
13770,1.0,1.0
13771,1.0,1.0
13772,1.0,1.0
13773,1.0,1.0
13774,1.0,1.0
13775,1.0,1.0
13776,1.0,1.0
13777,1.0,1.0
13778,1.0,1.0
13779,1.0,1.0
13780,0.0,1.0
13781,1.0,1.0
13782,1.0,1.0
13783,1.0,1.0
13784,1.0,1.0
13785,1.0,1.0
13786,1.0,1.0
13787,1.0,0.0
13788,1.0,1.0
13789,1.0,1.0
13790,0.0,1.0
13791,0.0,1.0
13792,1.0,1.0
